timestamp,lat_deg,lon_deg,x_m,y_m
0.0,19.99996435823258,85.00000873898563,0.0,0.0
0.1,19.99998689733144,84.99998229362198,-2.767430476886394,2.4951751033846197
0.2,20.000011360576057,85.00004582812984,3.8812706007773543,5.203361393648239
0.3,19.9999973514368,85.00006353315203,5.734049960842575,3.6524901136825276
0.4,19.999982697288004,84.99999292266678,-1.6551318613607802,2.0302121452907183
0.5,19.999982225652143,85.00002391269864,1.5878850374546738,1.9780000270764682
0.6000000000000001,19.999981414445525,85.00007736814366,7.181842270023635,1.8881973752542054
0.7000000000000001,19.999977179341148,85.0000771371241,7.157666934181519,1.4193531511303814
0.8,20.00006269753328,85.00009828909731,9.371154558907108,10.886584796052526
0.9,20.000009613558248,85.00008692861665,8.182316573346052,5.009960511564744
1.0,20.000025943098617,85.00014929166345,14.708425800401011,6.817714916967981
1.1,19.999989379684827,85.00015911046808,15.735938561865984,2.7699891117472273
1.2000000000000002,19.9999981304152,85.00015148327157,14.937773789487089,3.7387317890380523
1.3,19.999984562756445,85.0001947539565,19.465926614312686,2.2367382299276324
1.4,19.99993305192835,85.00018871861303,18.834351569931115,-3.4657319878414
1.5,19.999968170653798,85.00016359933252,16.205687349113248,0.42205886326937525
1.6,19.99995737809104,85.00021179550347,21.249278672373595,-0.7727187204379702
1.7000000000000002,19.99994648230657,85.0001867404217,18.62733794189284,-1.9789317588486248
1.8,19.999975911755183,85.0002524945029,25.50830853807641,1.2790430467099339
1.9,20.00004491997637,85.00023896983227,24.09298044892087,8.918547053537752
2.0,20.000009176293936,85.00024823731293,25.062800680559125,4.961569482729473
2.1,20.00004638754585,85.00024718303634,24.952467848484083,9.08101449124206
2.2,20.000023989262957,85.00031497832147,32.047049358745056,6.601440051986707
2.3000000000000003,20.00003538015104,85.00028872216362,29.299417248431293,7.862455405102765
2.4000000000000004,19.99999145888062,85.00029413615509,29.86598383994842,3.0001833794708297
2.5,20.00003137302239,85.00030961513052,31.485805667284193,7.418852869319726
2.6,20.0000384731166,85.00034829961693,35.53402206343451,8.204871485470242
2.7,20.000004940825686,85.00035685761583,36.429599206981145,4.492704920870343
2.8000000000000003,20.000037269557325,85.00037157960676,37.97020486404746,8.07163741954021
2.9000000000000004,20.00003921818868,85.00038548477704,39.42533958980046,8.287362479876062
3.0,20.000010977177688,85.00044795500227,45.96267322014956,5.160977374561672
3.1,19.99999741263559,85.00038830189503,39.72015319222913,3.6593091420274177
3.2,19.99999769563405,85.00039870555683,40.808866032496745,3.6906407859183044
3.3000000000000003,20.00003392599618,85.00040351105018,41.31173746636601,7.701498418127582
3.4000000000000004,20.000042443331797,85.00045798092687,47.01184760257369,8.644418357516004
3.5,20.00001435431408,85.00048617053525,49.96181605653755,5.534851796371839
3.6,20.00003855440276,85.0004640123787,47.64302246251953,8.213898938648027
3.7,20.000055380424584,85.00045668167286,46.87588066141873,10.076609648636941
3.8,20.000058870621537,85.00047063480878,48.336034105492615,10.462993384828946
3.9,20.00008627606208,85.00052644804435,54.176715039924574,13.496910272911757
4.0,20.000081145809677,85.00054261969032,55.869031559047926,12.928974638955124
4.1000000000000005,20.000022059066485,85.00055039854126,56.683086376612266,6.387821372261515
4.2,20.00009675822504,85.00052925475055,54.47042489809281,14.657331583043987
4.3,20.0000394503674,85.0005685192282,58.57935676868436,8.313119199624415
4.4,20.000084321044824,85.00057872698964,59.64755209531659,13.28049923804318
4.5,20.000060424792903,85.0005951698134,61.36825403483217,10.63508759792885
4.6000000000000005,20.00004994272303,85.00062740390888,64.74146120554767,9.474689640301728
4.7,20.000014817164704,85.00062233416936,64.2109421452542,5.586137746280903
4.800000000000001,20.00006141961041,85.00064889570872,66.99050987371739,10.745238745585656
4.9,20.00002655379954,85.00064485934891,66.5681314009367,6.885442345519742
5.0,20.00009720716597,85.00066470031558,68.64439977547381,14.707081040350054
5.1000000000000005,20.00011460193122,85.0006879907383,71.08166535057717,16.632765880332496
5.2,20.00005486091388,85.00064156218174,66.22308068273952,10.01915999457999
5.300000000000001,20.00008711346757,85.0006876373405,71.0446956608695,13.589674896448749
5.4,20.000062091701253,85.00069675451599,71.99879236046212,10.819661938214411
5.5,20.000067395874897,85.00070534569281,72.89783118727647,11.406860424958749
5.6000000000000005,20.00010792630565,85.00072918429169,75.3924507442385,15.893763503150621
5.7,20.00008876561627,85.00079333754648,82.10590729522096,13.772623159814625
5.800000000000001,20.00013946708534,85.00073900262495,76.41989479145023,19.385467563098604
5.9,20.000082400171895,85.00080495223266,83.32135302978503,13.067946900421491
6.0,20.000125171558683,85.00074224729585,76.7594467776938,17.802892920563572
6.1000000000000005,20.000103742598174,85.00079421058173,82.19726006352381,15.430639726164925
6.2,20.00012547510817,85.00082176264173,85.08048930212618,17.83653556057642
6.300000000000001,20.00009492632785,85.00084716237953,87.73851267340916,14.454667642388676
6.4,20.000108625847066,85.00086397613744,89.498014651262,15.971272076230127
6.5,20.000109871065376,85.00087953272728,91.12596461827279,16.109131471013075
6.6000000000000005,20.00009351347428,85.00085995240572,89.07695163902363,14.298265441500613
6.7,20.000136988260465,85.00086983773429,90.11139712176728,19.11111604632304
6.800000000000001,20.00013981065256,85.00092081747988,95.44627264409374,19.42359519305641
6.9,20.00014146527155,85.00090380846866,93.66632977294633,19.606759012796733
7.0,20.00017011402304,85.0008857613549,91.7777369820032,22.77828871837037
7.1000000000000005,20.0001710193582,85.00090286509548,93.56759114277888,22.878522666667305
7.2,20.00012516512373,85.00092198500678,95.5684596645744,17.802272991948822
7.300000000000001,20.00014867558296,85.00097556643699,101.17558076198137,20.405013147839714
7.4,20.00012521176741,85.00097831403251,101.46312339090218,17.807469773277347
7.5,20.000146085435087,85.00100691931353,104.45656656635423,20.11829190979353
7.6,20.000132774656706,85.00098771741914,102.4471547322,18.644719783386883
7.7,20.00019612193957,85.0010173372804,105.54674208884063,25.657554154468116
7.800000000000001,20.000165830191968,85.00104351794823,108.28649001660885,22.304144441372166
7.9,20.00015376179546,85.00102945729675,106.81509348758846,20.968112146185835
8.0,20.00019545530275,85.00106414783066,110.44532418037333,25.583784776050155
8.1,20.000108482327956,85.00104475027429,108.41548847450659,15.955490680336146
8.200000000000001,20.0001164318702,85.00106597445638,110.63653021263143,16.835552982751246
8.3,20.000195929476188,85.00107805901023,111.9010864568505,25.63628704206261
8.4,20.0001799217375,85.0010672998439,110.7751836392772,23.86415453787973
8.5,20.000188889767177,85.00112811835577,117.13964983524274,24.85699527189693
8.6,20.000150280348237,85.00111321686596,115.58028238521358,20.582756601522235
8.700000000000001,20.00018932217993,85.00113953354223,118.33421409105233,24.90487324210748
8.8,20.000247900118094,85.00116542961439,121.04411457317543,31.389720846440607
8.9,20.0002201120348,85.0011768868518,122.2431006589067,28.313469106432347
9.0,20.00020650228884,85.00119557411423,124.19867618094312,26.806825577312626
9.1,20.00019415935442,85.001186050858,123.2021060656635,25.44040274634766
9.2,20.000199454903743,85.00118909321706,123.52047555774547,26.02664501801195
9.3,20.00015683824332,85.00121127911719,125.84219630363316,21.30881438168246
9.4,20.00022532641809,85.00117748213046,122.3053907224398,28.89072414486012
9.5,20.000245366307865,85.00119665561718,124.3118216558882,31.10924004868089
9.6,20.00018435063436,85.00121248487547,125.96835338463018,24.3545550103559
9.7,20.000213253878773,85.00123405755637,128.22584555183388,27.554284545631972
9.8,20.000204186464543,85.00128634024557,133.6970769294754,26.550523757882978
9.9,20.000213700194845,85.00126110349538,131.05612008515158,27.603714580413424
10.0,20.000245530089188,85.00128840274931,133.91287669493025,31.127442055630027
10.1,20.000192325857306,85.00134866522819,140.21920685676807,25.237554601859287
10.2,20.000269503234662,85.00131332457477,136.5208484051645,33.781392252497284
10.3,20.000277755172498,85.0013568113689,141.07159960503088,34.69495321378275
10.4,20.000255204675355,85.00132098451566,137.32244993481174,32.19848663745824
10.5,20.00019969489466,85.00135394913225,140.77214479914025,26.053343086264103
10.6,20.00024431907676,85.00134465794436,139.79981088870457,30.993423740629794
10.7,20.00030907025767,85.00137422491412,142.8938449203154,38.16168229862263
10.8,20.000205702320816,85.00142007322594,147.69182420984794,26.718447868039803
10.9,20.000275979768663,85.00135844350986,141.24239968526192,34.49840976525168
11.0,20.00025837939313,85.00143242862589,148.98472957604537,32.55003675230407
11.1,20.00031675678304,85.00143875692598,149.64691149085664,39.012669994038106
11.2,20.000281837291467,85.00142684858567,148.40077359320946,35.14692181419438
11.3,20.000315940899338,85.0014143456259,147.09234593405805,38.922326545669726
11.4,20.0003253861003,85.00146979356684,152.89479069727156,39.968000478088456
11.5,20.000364797938825,85.00146442556546,152.33300823427695,44.33105528501078
11.6,20.000315084940624,85.00149814696736,155.86189549211207,38.82764401766028
11.7,20.000336009225403,85.00150394012535,156.4681107148405,41.144057554118284
11.8,20.000291257324008,85.00156106542296,162.4461398869384,36.189884368620945
11.9,20.00036884964553,85.00152005208126,158.15414357942365,44.77964815987691
12.0,20.000321852645577,85.00150932506067,157.0316413485395,39.57686844266205
12.1,20.0003329078458,85.00155555234224,161.86917053943674,40.800770558338925
12.2,20.000353187926528,85.00156842332598,163.21605775085538,43.04587503390302
12.3,20.0003175348988,85.00161276618579,167.85643627196174,39.09897564859404
12.4,20.000371786786523,85.00160937562754,167.50156755545189,45.10488909724323
12.5,20.00039776614401,85.00160726563985,167.28073656520687,47.980913389983655
12.6,20.000385766326996,85.00165056710559,171.81211042498813,46.652525955904196
12.7,20.00034133927585,85.00158604177787,165.05978564525108,41.73419580643241
12.8,20.000387220737355,85.00161328204364,167.9103452916744,46.81349762056079
12.9,20.00041706535809,85.0016165118727,168.24830495850975,50.117428503475494
13.0,20.000353082209337,85.0016433207084,171.05383322586903,43.03424641179199
13.1,20.000381468969707,85.00162639102084,169.2821643547032,46.17676544307545
13.2,20.00044091249028,85.00169541841201,176.50559605796448,52.75748961811366
13.3,20.000431542999,85.0016821155917,175.11350891060704,51.7202327438959
13.4,20.00044245807735,85.00165754829274,172.5426077690338,52.92855328983541
13.5,20.000488677454275,85.00168179888945,175.0803038626201,58.04526193884113
13.6,20.000458519453595,85.00173106476029,180.2358521175619,54.706694011374864
13.7,20.00047106642932,85.00175721213763,182.9720765497491,56.09572644520591
13.8,20.000533951051736,85.00180149467835,187.60602712328293,63.057373176759974
13.9,20.000462813077075,85.00183880479987,191.51049549959893,55.182136110670676
14.0,20.000454864259225,85.00177808347028,185.1562131469543,54.302099578130395
14.1,20.00049580075688,85.001748733214,182.08475609446754,58.833913480596664
14.2,20.00050411929182,85.00172683424334,179.79309035261082,59.754787368356105
14.3,20.000486220803555,85.0018064780147,188.12757369970933,57.77343531560278
14.4,20.00048082766426,85.00178626185334,186.01202414686747,57.17636906168501
14.5,20.000579239718046,85.00180839579032,188.32815208646983,68.07103079890183
14.6,20.00053424278105,85.00181344194507,188.85626921221504,63.08968228956083
14.7,20.000514244619005,85.0018376050557,191.3848839722782,60.87582728861116
14.8,20.00056730623545,85.00188282003909,196.11641916072014,66.75002841670455
14.9,20.00054841969064,85.00186731971894,194.49438482888533,64.6591887154014
15.0,20.000553377533286,85.00186879576705,194.64884233344395,65.20804490466467
15.1,20.000584266846342,85.00185413758,193.11487345788595,68.62760757138186
15.2,20.000543306659225,85.00184627081866,192.291692581562,64.09312987820873
15.3,20.000596717550213,85.00189078018684,196.9493858662585,70.00599663251255
15.4,20.0006479407397,85.00191358241194,199.33549881166005,75.67665072780473
15.5,20.00061820202313,85.00197619696321,205.88794101670797,72.38452277647465
15.6,20.00060482614796,85.00193957399361,202.05548598637813,70.9037113440867
15.7,20.00061069665863,85.00197434088207,205.6937180425689,71.55364440421968
15.8,20.000622771420847,85.00194213415242,202.32337519311972,72.89033323132057
15.9,20.000636518755844,85.00193274639632,201.34096025564995,74.41221096300359
16.0,20.00064277748042,85.00194930792681,203.07406117268002,75.10509865240637
16.1,20.00068730990348,85.00196642770415,204.86553110465337,80.0350500598176
16.2,20.000625621064664,85.00205849327078,214.49996614750438,73.20594580607275
16.3,20.000705329852597,85.00198410460031,206.715335230327,82.02995757096481
16.400000000000002,20.00068168879925,85.0020419058037,212.76406757228068,79.41286375344498
16.5,20.00071195133503,85.00200214983566,208.60369939664787,82.76300649719794
16.6,20.00068134024292,85.00206493728625,215.17423521220056,79.3743064878668
16.7,20.00075748218603,85.00205942713099,214.59751281318572,87.80353971201477
16.8,20.000765252762584,85.00205405279809,214.035096722131,88.66376905497853
16.900000000000002,20.000767592067564,85.00206752607134,215.4450255146679,88.92275744104192
17.0,20.000710996532813,85.00206005926412,214.66372640315194,82.65737894811981
17.1,20.000784286117707,85.00210176685533,219.02818333117298,90.77090494237117
17.2,20.00078301049854,85.00208605497497,217.38399072514235,90.6296679530245
17.3,20.00073902963012,85.00207407748297,216.13064731227317,85.7607813081268
17.400000000000002,20.000791857955093,85.00208269362425,217.03222477992685,91.60911506021021
17.5,20.00081258788608,85.00213440398748,222.4435074443073,93.90407535034727
17.6,20.000828028346252,85.00218484549296,227.72201472821334,95.61346843370073
17.7,20.000828123723213,85.0021542449693,224.51977569943048,95.62398576852338
17.8,20.00084152328602,85.00215634524122,224.73954286756916,97.10737778567565
17.900000000000002,20.000883738097933,85.00217802895985,227.00860826544607,101.78076817896122
18.0,20.00088743675112,85.00221736333533,231.12480768185708,102.19027877337332
18.1,20.00078751958926,85.00219626926194,228.9175311766071,91.12899049007908
18.2,20.00086663654797,85.00218825373373,228.07861972253934,99.88756696548715
18.3,20.00088117520438,85.00224181886925,233.68400294860518,101.49713255804318
18.4,20.000848828473888,85.00223243227067,232.7017757576438,97.9161973700432
18.5,20.000909029890387,85.00227421555584,237.07416123796446,104.58081157424705
18.6,20.000950599105984,85.00224545331649,234.06423252680122,109.18266203084373
18.7,20.000898124158,85.00221509955391,230.88789529458288,103.37341754095226
18.8,20.00094693771333,85.00222098749383,231.50397619439704,108.77729612327816
18.9,20.00092365840768,85.00231757191767,241.61122980883002,106.20031327977057
19.0,20.00094069884285,85.00232964929484,242.87505863240648,108.08678018796937
19.1,20.001009085745675,85.00228505081463,238.20788247598767,115.65744037528269
19.200000000000003,20.000965107882067,85.00228918488344,238.64056424992938,110.78890763266585
19.3,20.00100263631032,85.0023520547856,245.21961811320244,114.94355682423313
19.4,20.0009501908276,85.00228835397161,238.553634751152,109.13752437543785
19.5,20.001061232613218,85.00230439803019,240.232420197514,121.43035052589278
19.6,20.00103769307209,85.00235845775079,245.88961108431997,118.82450051193739
19.700000000000003,20.00102692095317,85.002338636585,243.81541401548526,117.6319516450108
19.8,20.00105771350444,85.00235974917854,246.02472324435433,121.0408503808715
19.9,20.00101454555154,85.00236514931458,246.58989519534757,116.2619802669477
20.0,20.001094714145346,85.00238945785586,249.1335707847084,125.13702439691846
20.1,20.001064386656232,85.00243008207468,253.38479605753125,121.77970182728889
20.200000000000003,20.001077853235103,85.00240225686095,250.47296678538532,123.27046818846632
20.3,20.001080296996744,85.00242807166521,253.17438853979306,123.54104192006679
20.4,20.00108804825611,85.00236075675086,246.13011489758327,124.39903935686272
20.5,20.0011325192139,85.00242811166146,253.17849050641553,129.3222660766314
20.6,20.00113074505637,85.00241528794265,251.8365381160189,129.1258398752424
20.700000000000003,20.001151408153696,85.00241448679797,251.75266840666742,131.41333244518898
20.8,20.001143543957863,85.00243423602797,253.81936536122285,130.54276193296573
20.9,20.001167486847624,85.00245982789679,256.49742174138095,133.1933818252351
21.0,20.00115217915644,85.00250567821155,261.2955134731246,131.4988254090099
21.1,20.0012332994283,85.00245138411684,255.6137050498401,140.4791047982277
21.200000000000003,20.00114062587185,85.00250032751177,260.7356014292661,130.21981876090032
21.3,20.00122645975802,85.00249560182921,260.24093501548776,139.72199194554287
21.4,20.001238863305016,85.00251014161022,261.76244844491106,141.09514063033026
21.5,20.001188475264527,85.00255836210991,266.80862865946125,135.51704379015038
21.6,20.0012808781712,85.00255511502677,266.4686779245333,145.74643804976736
21.700000000000003,20.001256904628452,85.00258812914053,269.9235216564977,143.09251654124554
21.8,20.00126543896967,85.00255544687315,266.503430384839,144.03725251762654
21.9,20.001249125717106,85.00255003496056,265.93712142457207,142.23129664877726
22.0,20.001251530815274,85.00257370083466,268.41366258138504,142.49758911142044
22.1,20.001260665848623,85.00259721234886,270.8740389646345,143.5089144637854
22.200000000000003,20.001285667234846,85.00260546725596,271.7378411587419,146.27668889456828
22.3,20.001321645471567,85.00257945680644,269.015884378355,150.25959258217625
22.4,20.001297420007653,85.00262330932931,273.6049266809191,147.5778004718587
22.5,20.001276527818508,85.00263742139907,275.08173785721516,145.2649683210417
22.6,20.001331773307832,85.00271323827938,283.01559077591565,151.38100808254836
22.700000000000003,20.00134275264968,85.00270502881777,282.1564821983478,152.59645464078898
22.8,20.00134385207088,85.00263689309595,275.02633598971624,152.7180519873684
22.9,20.001354490662987,85.00266327692104,277.7872843155224,153.89583346639125
23.0,20.00133519933162,85.00263969680945,275.3197489928648,151.76016110844182
23.1,20.00132547728678,85.00267486414994,278.99989480753584,150.68394707848825
23.200000000000003,20.00133504096242,85.00271098196048,282.779469726956,151.74274770177584
23.3,20.001322203218105,85.00274662401458,286.50929862032706,150.32161470577296
23.4,20.001380419700254,85.00270122484035,281.7583433984427,156.7663528980301
23.5,20.001379459269167,85.00271344662585,283.0373082071744,156.66004964517887
23.6,20.001377444944065,85.00268067457965,279.60784249245705,156.43700014822835
23.700000000000003,20.001317166441886,85.00274761605505,286.61312101598725,149.76402359490493
23.8,20.00137064498396,85.00273180875259,284.95885039073903,155.6843014540182
23.9,20.00144183287521,85.00275706031175,287.60120031348043,163.56515068145438
24.0,20.001401011640944,85.00275703043357,287.5981478188224,159.04606422605676
24.1,20.001435867896383,85.00278937367062,290.98267933930737,162.904857642518
24.200000000000003,20.001395832434376,85.00275152939345,287.02249447807577,158.47269432483333
24.3,20.001479179022148,85.00276968943626,288.92272122013225,167.6995517059284
24.4,20.00144355894576,85.00288261055154,300.739544184163,163.75645459652466
24.5,20.001462230354747,85.00279436464237,291.50491672339547,165.82330398336185
24.6,20.00152400773492,85.0028095290782,293.0917017484773,172.6623524890373
24.700000000000003,20.00150905548178,85.00290331687418,302.90625547180207,171.00724050602904
24.8,20.00146673098504,85.00294355658434,307.1172658547057,166.32180970589664
24.9,20.001465757503237,85.00283620184359,295.88301091212566,166.21384786006658
25.0,20.001479671633973,85.00286875154026,299.2891839988766,167.7542598764026
25.1,20.00150883693621,85.0028985710546,302.40962443104524,170.98303799620456
25.200000000000003,20.0014988616654,85.00294776726643,307.55783497640584,169.87882212193117
25.3,20.00149760021968,85.00287925333272,300.38812170103074,169.73905032423627
25.4,20.0015542994591,85.00290983777879,303.58855589256456,176.0159554778319
25.5,20.00151814395714,85.00294843346792,307.627512900538,172.013456088567
25.6,20.001589611567443,85.00294782874825,307.56409254096917,179.92522728777286
25.700000000000003,20.001536456790436,85.00293374458789,306.0903437417963,174.04073870451504
25.8,20.00158845290036,85.00294981990817,307.7724617848136,179.7969615068038
25.9,20.001556253302915,85.00292330669728,304.99802137037915,176.2322788697025
26.0,20.001578815293385,85.0029649414844,309.35489363166505,178.73006475070665
26.1,20.001539532502644,85.00297312348705,310.21118479043247,174.38130573195855
26.200000000000003,20.001542204302805,85.0029963705785,312.643896249464,174.67712873601243
26.3,20.001583709433305,85.00298269422142,311.2126376932283,179.27190000556223
26.4,20.001604024885733,85.00302101296379,315.22250188623,181.5209797554405
26.5,20.001584487042752,85.00304536534018,317.77092051596424,179.35810237818797
26.6,20.001554707243223,85.00302957568614,316.1186552122643,176.06132041257302
26.700000000000003,20.00155864323161,85.0030439690777,317.6248590166138,176.49707850770605
26.8,20.001562720847552,85.00304413684484,317.64240700539665,176.94848847515001
26.9,20.00155937759945,85.0030513166353,318.3937504663984,176.57839013940125
27.0,20.001615749362895,85.00303929499216,317.13562002736506,182.81896439554419
27.1,20.001648854277224,85.00307771430144,321.1559806340845,186.48389423876603
27.200000000000003,20.00162386034576,85.00307447322768,320.81686587866494,183.71695212750188
27.3,20.00156894202653,85.00314589795522,328.2912927167314,177.63739597809166
27.4,20.00163030470773,85.00313957585989,327.62958345256163,184.43049676652495
27.5,20.001636593823957,85.00311408803246,324.96237112961563,185.12667938325615
27.6,20.001702951181457,85.00308969251927,322.4093430297747,192.472677652908
27.700000000000003,20.00161262797421,85.00308821450618,322.2548587486974,182.47350657962173
27.8,20.001646747890263,85.00316280850035,330.06075227732373,186.25087352643038
27.9,20.00170857474932,85.00314470454676,328.16611785116885,193.09533767275374
28.0,20.001680002931348,85.0031594536871,329.70961525383814,189.932343260607
28.1,20.001688277139223,85.0031041599791,323.9233342833741,190.8482258527106
28.200000000000003,20.00168135047361,85.00318929695595,332.8325904177956,190.08158101216233
28.3,20.00169226696929,85.00318423551032,332.3029075946771,191.2900740769052
28.4,20.001709390373183,85.00314786129807,328.4964574227239,193.18563693645407
28.5,20.00167162449845,85.0031746901416,331.30406643753065,189.0048446969525
28.6,20.001722055037835,85.00320428477559,334.40091945814004,194.58778153164656
28.700000000000003,20.00166628913007,85.00320673932298,334.65789575525287,188.41426013302106
28.8,20.001716986326663,85.00320537418231,334.51493216541724,194.02665553584754
28.9,20.00171774770784,85.00321931118603,335.9733815655207,194.11097160452758
29.0,20.00170106375494,85.00322358668517,336.42083068643564,192.26399470015363
29.1,20.001721751502,85.00324373194306,338.52890635317385,194.55425803769117
29.200000000000003,20.00171022519924,85.00329011154832,343.38236912996945,193.27834104758892
29.3,20.001702709747857,85.00318286701297,332.1596779588291,192.44613195181682
29.4,20.001726601379,85.00325826192255,340.0493994235448,195.09118975190523
29.5,20.001710869858563,85.00327870872783,342.1891086860761,193.34968427954902
29.6,20.0017537633758,85.0032907419418,343.44824282385724,198.0982061241954
29.700000000000003,20.00171846483337,85.00328020915029,342.34610540768614,194.19048378726416
29.8,20.001772994407585,85.00324913289647,339.09398450973805,200.22707946407957
29.9,20.001726268603758,85.00331757656873,346.25643736686135,195.05447160181953
30.0,20.001747103754976,85.00336638298705,351.3637849257824,197.36111426402746
30.1,20.00174974370618,85.00328154809937,342.4861533522577,197.65319254928335
30.200000000000003,20.001806455363152,85.00335902493453,350.5936632514423,203.93157769703208
30.3,20.001783767558383,85.00333356376973,347.929306790299,201.41988682796236
30.4,20.001773239871763,85.0033499829358,349.64752857096397,200.2544607274229
30.5,20.001796422602563,85.00333032430471,347.5902822543813,202.8208480429953
30.6,20.001730188164824,85.00335973077178,350.66769512190973,195.48847159198513
30.700000000000003,20.00178976410649,85.00341543328648,356.4966031649807,202.0839026857479
30.8,20.00184866635264,85.00340371119538,355.269802194099,208.60461034998244
30.9,20.00180226610196,85.00344556031878,359.6492452834325,203.46799187248786
31.0,20.00180435155126,85.00343855153845,358.9158004640626,203.69884506773758
31.1,20.00182107150801,85.00342631028656,357.6347659556863,205.54979017458155
31.200000000000003,20.001834170266594,85.00347269412225,362.488613403019,206.99997891545485
31.3,20.001759893385085,85.0034442615761,359.51343339899944,198.77714668421015
31.4,20.00177203070768,85.00346444015584,361.62501178598626,200.12084404292122
31.5,20.00182663391073,85.00344124308,359.1974086899032,206.1656040848934
31.6,20.00180525198549,85.00346074353989,361.23810023827946,203.79857471944104
31.700000000000003,20.001863378229583,85.00344795357695,359.89955102714544,210.23337299569323
31.8,20.00182297860114,85.00350548935518,365.9205250850675,205.76108460424297
31.9,20.00178273910157,85.00345250544152,360.37606831192767,201.30628368414347
32.0,20.00180404986125,85.00351795967875,367.2255369859884,203.66561878911497
32.1,20.00176741393296,85.00349931590694,365.274627330137,199.60982284956552
32.2,20.00183844455332,85.00354767171953,370.3346996173442,207.47332488216324
32.300000000000004,20.00184285717348,85.00354495113271,370.0499911269654,207.96181494497333
32.4,20.00183961503129,85.00358500474462,374.2414437915724,207.6029848083938
32.5,20.00188318752486,85.00356316017742,371.95539768742697,212.42659905133047
32.6,20.00188940625771,85.00350656831297,366.0332800184374,213.11491493435315
32.7,20.001855443643564,85.00355922226551,371.54337667910096,209.35522303567498
32.800000000000004,20.00180536766113,85.00353705898767,369.2241981721755,203.8115469000734
32.9,20.00188232317562,85.00356537486593,372.18715766101553,212.330916782103
33.0,20.001883374063954,85.00363318570241,379.2832772478678,212.44740674957234
33.1,20.00187939147128,85.00361777421323,377.6705384907417,212.00648175009104
33.2,20.00190007471664,85.0035891292522,374.6729134184527,214.296141867164
33.300000000000004,20.00184472672601,85.00358982279965,374.74562125724094,208.16888222119087
33.4,20.00193266836216,85.00362959388764,378.90729081036267,217.90448998759803
33.5,20.0018550127118,85.00360355893626,376.1830267480558,209.30761598223526
33.6,20.001903313916376,85.00362903155812,378.84851561414894,214.6548249883872
33.7,20.001839821257622,85.00366709240873,382.83157836655045,207.62600044472592
33.800000000000004,20.001862312520423,85.00370117603194,386.39823390060985,210.11595845837405
33.9,20.00193025221844,85.00369543226104,385.7970065496033,217.63716273291362
34.0,20.00188427551917,85.00362222330718,378.1361060198461,212.54717694588803
34.1,20.00191577700954,85.00370665527913,386.97148375208127,216.03472057480116
34.2,20.001901277457502,85.00371001123608,387.32270608550994,214.42956539901718
34.300000000000004,20.001893728540068,85.0037298607231,389.39989068998466,213.5939137075217
34.4,20.001934893445195,85.00377441208701,394.0619029134698,218.15115039100294
34.5,20.001893258466005,85.00367898209109,384.07565491098217,213.5417570205347
34.6,20.00185306177975,85.00373131554481,389.5522317701047,209.0919313865616
34.7,20.001880739003376,85.00377534779838,394.15995599003594,212.1560223710349
34.800000000000004,20.001918494634293,85.00372319343995,388.70212648369113,216.33561164303956
34.9,20.001915475465907,85.00382104715942,398.9421166512589,216.00160673225562
35.0,20.00186368565656,85.00379946255936,396.6835082115868,210.2682002748212
35.1,20.0018874228131,85.0038233694905,399.18520961384627,212.89606263910588
35.2,20.001892221299176,85.00379291793061,395.99856858074435,213.42720346285773
35.300000000000004,20.00189893517884,85.0038428397316,401.2226601577204,214.17057768075637
35.4,20.00187252413261,85.0038603604292,403.05619535091785,211.2468030469756
35.5,20.001893426664413,85.00384661669693,401.6179178061867,213.5607704330788
35.6,20.00189142180648,85.00385688317967,402.6922675623385,213.33884866120363
35.7,20.0019324894807,85.00386813755432,403.86988626455104,217.8852443761047
35.800000000000004,20.001934088448056,85.00384584711361,401.53728100317886,218.06220337205758
35.9,20.00190888930483,85.00387659600862,404.7550883852364,215.27262355538966
36.0,20.00190274251174,85.0038866684676,405.8091449155288,214.59217142413516
36.1,20.001917524292047,85.00391224778002,408.48587513183224,216.22864041366566
36.2,20.001892152959265,85.00394012865571,411.40355812412855,213.41999270514876
36.3,20.00188362217745,85.00389129012838,406.2928314990497,212.47547917835607
36.4,20.001889526802927,85.00392824543562,410.16003542762854,213.12923673513225
36.5,20.00189806447101,85.00398448790692,416.045553510939,214.07453210076213
36.6,20.001884098284773,85.00393083303075,410.43083055931305,212.52828270729404
36.7,20.001920078711667,85.00393871940032,411.25601288694116,216.51149045011445
36.8,20.001935614984355,85.00397822871601,415.3904567640282,218.2315203156942
36.9,20.001873399593837,85.00400675134485,418.37539466520525,211.34407929940164
37.0,20.001917055855404,85.00399295238235,416.93127557884196,216.17698128817477
37.1,20.00191064797461,85.00404080719802,421.93909905227605,215.46772107480206
37.2,20.00192596650792,85.00403731359839,421.5734676577162,217.16353997079943
37.3,20.00191659609166,85.00404690901807,422.57761316310064,216.12621866078882
37.4,20.00187794889915,85.00404865875787,422.76081930026896,211.84781222447955
37.5,20.001883277868,85.00410949754827,429.12733150363357,212.4379067470922
37.6,20.00191826750155,85.00404680793478,422.567030759347,216.3112506882054
37.7,20.001945377326397,85.00400515407478,418.20805688009335,219.3123206723897
37.8,20.001858161999444,85.00411851407951,430.0709422199329,209.65749493355307
37.9,20.001927335775196,85.00406924184426,424.9146212462719,217.31520443185667
38.0,20.001950269519764,85.00409529362368,427.6407689346707,219.85413514762695
38.1,20.001914283851328,85.00413955570878,432.27270836470547,215.87048007692445
38.2,20.00193344103557,85.0040658140403,424.5558995455843,217.991074391227
38.3,20.001899879904983,85.00408560123402,426.62663685541366,214.27576278845953
38.400000000000006,20.001915833109354,85.00408527096256,426.5920323433384,216.04185046081997
38.5,20.00187559926301,85.00411807965179,430.02543380282447,211.5878740750076
38.6,20.00185634491033,85.00416308666419,434.7352835892522,209.456450387616
38.7,20.00194518229443,85.00417509722034,435.99189395260925,219.2911630787268
38.8,20.001893491799592,85.00417753426925,436.24706329779724,213.56880874902996
38.900000000000006,20.00190803238898,85.00413860170329,432.17289274073846,215.17841377713196
39.0,20.00188322664472,85.00412233411096,430.4706245515466,212.43226904432146
39.1,20.00188288463612,85.0041995705988,438.55310278119333,212.39460755651638
39.2,20.001916499882118,85.0041938662807,437.95607663523117,216.1159453092731
39.3,20.001901835229816,85.0042299134079,441.7282987200276,214.49259971313356
39.400000000000006,20.00193200530319,85.00424616954156,443.4293508228207,217.83259988052507
39.5,20.0019343470954,85.00423925904798,442.7061900798881,218.09182809888827
39.6,20.00193114037892,85.00426630673107,445.5366257520593,217.73690246540838
39.7,20.001929276053264,85.00426024867461,444.9026807659503,217.5304974748861
39.8,20.001965728210177,85.0042780005538,446.76023771639774,221.56595568914847
39.900000000000006,20.00189480966553,85.00425166831924,444.0048791615787,213.7148969679076
40.0,20.001922483193667,85.00427576027624,446.5259240588593,216.77853989759143
40.1,20.001954882592987,85.00429554305144,448.5960169188058,220.36534597423827
40.2,20.001958840389165,85.0043223744944,451.4038032975639,220.80356315681158
40.3,20.001886861815045,85.00429644764914,448.69087200936747,212.83515496403857
40.400000000000006,20.0019171874118,85.00433153784162,452.3628280202844,216.19242365872134
40.5,20.001962645822097,85.00431777309787,450.92227567867457,221.2248286017319
40.6,20.001940190547707,85.00433078624299,452.28411066067326,218.7389679689055
40.7,20.001932226811764,85.00436666158443,456.0383375477307,217.85744532118406
40.8,20.001921578901893,85.00429438189657,448.47460126948033,216.67848064388073
40.900000000000006,20.001917598073664,85.00432298319745,451.46761910124894,216.2378626199594
41.0,20.001936220507545,85.00432623593758,451.8079516194502,218.29945512382304
41.1,20.00192218050027,85.00431035179801,450.14578293368487,216.74512301274592
41.2,20.00192838080823,85.00436631528349,456.0021096819615,217.43167520216355
41.3,20.001932211597325,85.0044157058477,461.17061421697974,217.85589528360742
41.400000000000006,20.001912404528245,85.00439444458635,458.9457697242803,215.66310893480838
41.5,20.001945624203792,85.00441664601193,461.26895939215007,219.34073124809638
41.6,20.00201044794289,85.00445052744473,464.8143187590097,226.51709239489983
41.7,20.0018846713903,85.00446564059494,466.39621628397686,212.59312762175858
41.8,20.00194196527997,85.00443381370633,463.06549721445003,218.93571996695044
41.900000000000006,20.00191344412628,85.0044828078781,468.1926159893791,215.77844144807065
42.0,20.001950214333583,85.00445478223729,465.2597417354309,219.84898387638262
42.1,20.00193665726409,85.00443623681554,463.3190809549443,218.34810641896573
42.2,20.001956709928105,85.00445127966519,464.8931932128479,220.56806447819955
42.3,20.001968660973777,85.00443390239205,463.0746997312361,221.8910486432879
42.400000000000006,20.00194299889052,85.00445889138958,465.68976847415956,219.0502146310482
42.5,20.00196918170133,85.00448205829144,468.11401009822913,221.9488292738741
42.6,20.00187638537854,85.00452330074832,472.43013623475866,211.67599196800995
42.7,20.00198334372889,85.00455749983335,476.00860689438696,223.51683939685262
42.8,20.00195153837857,85.0044763727566,467.51909493540626,219.99562147682207
42.900000000000006,20.00197145666237,85.00453510933299,473.6655711780695,222.20082639903802
43.0,20.001910543102984,85.00450180250964,470.1803334293025,215.4573388610262
43.1,20.001922067994503,85.00455303006453,475.54104849398516,216.73333865154945
43.2,20.001949458278087,85.00454340114659,474.53334043402384,219.76553385460306
43.3,20.00194616426645,85.00450237020641,470.23963474014096,219.4007568566744
43.400000000000006,20.001955379316524,85.00458919492807,479.3254493160359,220.42114872223377
43.5,20.00197813400252,85.00455289179632,475.5264109314112,222.94008713209357
43.6,20.00190251956566,85.00456257964315,476.54043077424706,214.56927042291633
43.7,20.00197754721849,85.00455484075135,475.730362612164,222.87513314242284
43.8,20.001952765467863,85.00457436658562,477.77373353163733,220.1317420419043
43.900000000000006,20.001948315565897,85.0046129963772,481.81619235244955,219.63922934617858
44.0,20.001915452020903,85.00460287701388,480.7573432748444,216.00106412507805
44.1,20.001969969466707,85.0046252967128,483.1033047308139,222.03644497694532
44.2,20.001892691912374,85.00463380633903,483.994037449037,213.48151103405775
44.3,20.00197658535119,85.00466884888355,487.6608354267039,222.76897811599247
44.400000000000006,20.00192028211815,85.00462868273014,483.4577888779209,216.53585098646326
44.5,20.001963336657944,85.00460369365138,480.8426555655638,221.30210228654428
44.6,20.00196010618632,85.00468418749372,489.26600717090366,220.94470822018704
44.7,20.001996276097177,85.00465160521412,485.8562977686942,224.94877851591392
44.8,20.001961400151156,85.00470061008326,490.9845580306898,221.08800375783625
44.900000000000006,20.0019489814365,85.00468717570975,489.57874579575815,219.71315916868386
45.0,20.00195552386532,85.00467996168722,488.82380845320404,220.43741318702106
45.1,20.00200498267965,85.00470127460218,491.0539619802338,225.9127795780511
45.2,20.001986648048856,85.00475478449061,496.6536024977884,223.8832146221484
45.3,20.0019633310624,85.00476596841521,497.82402624432314,221.30195685651128
45.400000000000006,20.00196889166588,85.00471597780212,492.5927018068718,221.91739186222935
45.5,20.001934580466664,85.00472618364313,493.6608070219986,218.1190241844885
45.6,20.001988846008786,85.00476007477023,497.20720099778066,224.12655395997004
45.7,20.001932522636547,85.00471259650429,492.23897629821886,217.8911735335448
45.8,20.00200179085149,85.00475406355343,496.57811197910314,225.55958604816794
45.900000000000006,20.00198658780014,85.0047514560703,496.3052975674705,223.87653496492422
46.0,20.002049049230965,85.00476891281235,498.1318753449483,230.79133659096868
46.1,20.001956684326107,85.00474375040551,495.4990258921073,220.56606861096606
46.2,20.0019851856887,85.00472983345998,494.0425871625948,223.72125126538876
46.3,20.002038045410803,85.00472377111166,493.40802331401125,229.5730326335163
46.400000000000006,20.002023330692055,85.00475901143498,497.09581920047754,227.9441539817094
46.5,20.0019741131068,85.00478577197252,499.89635108010947,222.4956346465939
46.6,20.002000575974,85.00479842358148,501.2202048227254,225.425225983206
46.7,20.00199627188726,85.00487033336005,508.74527238079395,224.9489617917072
46.8,20.00200550890104,85.00485447687906,507.0859291854827,225.97149098016226
46.900000000000006,20.001980789492045,85.00480318932148,501.7189820201746,223.23479135808617
47.0,20.001998937023775,85.00484881785948,506.49375779781246,225.24393870120085
47.1,20.00196002221216,85.0048352789668,505.0770941393885,220.93586034217006
47.2,20.00200849599312,85.00484694988663,506.2982517838358,226.30215219034835
47.3,20.00201877085822,85.0048686166478,508.5655534499241,227.43968970773065
47.400000000000006,20.002002327827466,85.00488930128009,510.73016539067146,225.61943821026102
47.5,20.001966772845275,85.00487010349318,508.7213125602418,221.68328991903712
47.6,20.00203880863451,85.00491867971888,513.8043761572828,229.6581107455043
47.7,20.002023894839542,85.00486380427084,508.0619422023467,228.00692193880437
47.8,20.001996443029142,85.0049051687167,512.3906444441867,224.96801410985208
47.900000000000006,20.002010421856845,85.00498796762683,521.0551538929844,226.5157860317249
48.0,20.00197955704738,85.004928397946,514.8215398600702,223.09873432067482
48.1,20.001994423473697,85.00497168435717,519.3512312755198,224.74464544733962
48.2,20.0020096683573,85.00494183658476,516.2277385007983,226.43222755769293
48.3,20.002059420515657,85.0049645485119,518.6042823875173,231.9400762487251
48.400000000000006,20.002011285819844,85.00495499421932,517.6046238575499,226.61132823846134
48.5,20.002048032932773,85.00496051555126,518.1822875635213,230.67940921889988
48.6,20.002018589072115,85.00495187729084,517.2784266576932,227.419820138901
48.7,20.002042155616724,85.0049954512281,521.8381764357632,230.02887342779053
48.8,20.00203410325369,85.00496761661856,518.9254296051093,229.1373556380317
48.900000000000006,20.00206394818136,85.00502010169322,524.4176703435081,232.441481321732
49.0,20.002028581296223,85.00504116149976,526.6216066337032,228.526280641474
49.1,20.002003260715775,85.00502961850249,525.4137650949452,225.72314692362184
49.2,20.00201111541246,85.005020013932,524.4086614802991,226.59266562988836
49.3,20.00203681873908,85.00505040460168,527.5888304801225,229.43823018225285
49.400000000000006,20.00202036326617,85.00503773961441,526.2635482027381,227.61649851261603
49.5,20.00206803184249,85.00508267314122,530.9654910202021,232.893757331568
49.6,20.002047458529805,85.00501261299124,523.6340642473143,230.61598233472395
49.7,20.002127122498685,85.00506484618728,529.0997791472129,239.4352915054168
49.8,20.002019500199125,85.00502675248784,525.1137949528271,227.5209187890625
49.900000000000006,20.002075107553217,85.00505038577575,527.5867328522888,233.67696702033288
50.0,20.00204259893941,85.00514183108663,537.1562030657562,230.0784138498118
50.1,20.002063165627195,85.00513788153992,536.7428301257394,232.3552222480532
50.2,20.002083829483585,85.0051011024637,532.893987567722,234.64268287403817
50.3,20.00202099731621,85.00508820915172,531.5449687131515,227.6868499364076
50.400000000000006,20.00209378506343,85.00505587661502,528.161263353137,235.74466528172522
50.5,20.00214251490076,85.00513493904506,536.4346418045878,241.1395197534871
50.6,20.002082934844207,85.00522960209194,546.3409253776953,234.5440563691818
50.7,20.00210617124946,85.00518235022382,541.3961406529204,237.116273268288
50.8,20.00213089825544,85.00516355030487,539.4287258413564,239.85359886928302
50.900000000000006,20.00210305918373,85.00520268407934,543.5240017645725,236.77182001172667
51.0,20.00209611440505,85.00515435337282,538.4664249384459,236.00284696501504
51.1,20.0020548271948,85.00520039227116,543.2843393873343,231.43232332328108
51.2,20.00213791011489,85.00522159487869,545.5028154697461,240.630029930522
51.3,20.00212215704653,85.00522611771085,545.9761646031753,238.88611202687784
51.400000000000006,20.0021025788696,85.00526113242933,549.640371719377,236.71883787343654
51.5,20.002138037036136,85.00525822228526,549.3357146541648,240.6442003539362
51.6,20.002123742235103,85.00527740836183,551.3435043299535,239.0617672316287
51.7,20.002130169405504,85.00524841919773,548.3098912029682,239.77318757789112
51.8,20.002165778551497,85.00530384388367,554.1097204581504,243.7154560670349
51.900000000000006,20.002118490538034,85.00533475923945,557.3450445591883,238.48057149296835
52.0,20.002187994188706,85.00527017891831,550.586750860626,246.17471197183434
52.1,20.00212740338995,85.00528251215619,551.8775816133204,239.46708967629402
52.2,20.002152601579542,85.00535625568553,559.5944343596973,242.25688263610508
52.3,20.00222776405301,85.00532244131053,556.0556426955161,250.57758021433932
52.400000000000006,20.00221189376447,85.00537817509087,561.8879946784432,248.82085675271972
52.5,20.002189802721546,85.00533521117232,557.3920863549273,246.37513942866187
52.6,20.00216757541167,85.0053996193459,564.1322000315388,243.9146959132686
52.7,20.00218449807829,85.00537164577537,561.2048274769,245.7880141750199
52.8,20.00220666555206,85.00538526057618,562.6294782907179,248.24209485699612
52.900000000000006,20.00221172087804,85.00543270209535,567.594007735008,248.80190130387666
53.0,20.002214369278065,85.00538741534108,562.8549376331733,249.0949378120403
53.1,20.00222218561097,85.00538075101372,562.1575171946375,249.96021722100502
53.2,20.00222352738793,85.00540481334313,564.675529734938,250.1088386519019
53.3,20.00219682213237,85.00544056925933,568.4173255074426,247.152572534772
53.400000000000006,20.00222823083545,85.00539259158896,563.3965599957071,250.62948944012751
53.5,20.002273356784716,85.00546565490622,571.0421529288096,255.62537419786517
53.6,20.00221847963425,85.00544177328949,568.5432442422732,249.5501555480865
53.7,20.00225698395533,85.00549996711327,574.6328332867151,253.81294864644323
53.8,20.00224682659807,85.00540817804624,565.0275480261574,252.68817312083007
53.900000000000006,20.00227883443399,85.00546404655094,570.8738259023125,256.2317681353637
54.0,20.002272363694043,85.00544796449462,569.1909330478172,255.51537456690613
54.1,20.00232974354351,85.00548232400712,572.7862967508546,261.86768872339945
54.2,20.002310759335582,85.00552277114359,577.0189786378626,259.766193760052
54.3,20.00226901973142,85.00552013513767,576.7432843556875,255.14543032055494
54.400000000000006,20.002329811568384,85.0055275713329,577.5212276430276,261.87537472419086
54.5,20.002298280229724,85.00553978946944,578.799916477795,258.3847615808837
54.6,20.00231112405236,85.00555965675903,580.878893152992,259.80669696181434
54.7,20.002342729411392,85.00553431971834,578.2273689518826,263.30545899652725
54.8,20.002328697751988,85.00559288437981,584.3559512447775,261.75229694415617
54.900000000000006,20.002373767654728,85.00560093450602,585.1981945391118,266.7417578713089
55.0,20.00233666426073,85.00560223692551,585.3346240597602,262.63425650875615
55.1,20.002348761211064,85.00561636631575,586.8131569279429,263.97349057144686
55.2,20.0023557282208,85.00561806362684,586.9907471257851,264.7447745766436
55.3,20.002366217381347,85.00567702961077,593.1612344402304,265.9061776462744
55.400000000000006,20.002419193302806,85.00562521695595,587.7390754651426,271.7706582789204
55.5,20.002414688832445,85.00562790317694,588.0201930991902,271.2720033855104
55.6,20.002452057356027,85.00562404173485,587.6159719188038,275.4088467741003
55.7,20.00247537584841,85.00562493772082,587.7096462387291,277.9903077362016
55.8,20.00239482888737,85.0056276903921,587.997999874722,269.0734209581157
55.900000000000006,20.002432895932287,85.00564667953434,589.9849863872533,273.287673984341
56.0,20.00240773869534,85.00567888278209,593.3550049284364,270.5027729570319
56.1,20.002426961991763,85.00569919106263,595.4801027042448,272.63094694773264
56.2,20.002439458363167,85.00569972003929,595.5354107223745,274.01435110868266
56.3,20.00243650533626,85.00568490583362,593.9851822241033,273.687385680133
56.400000000000006,20.00244523559997,85.00574124450351,599.8807360810455,274.65406433604784
56.5,20.002478311576198,85.00574516392348,600.2907602323029,278.3157317979318
56.6,20.00245805119878,85.0057278753762,598.4816690256932,276.07275865246754
56.7,20.002522197998395,85.00572219283352,597.8867745081408,283.17406614649803
56.8,20.002483449451848,85.00576508126316,602.37499962794,278.88458832140134
56.900000000000006,20.00259259170824,85.00576315301286,602.1728019459415,290.96710065308736
57.0,20.00251341383366,85.00572461767091,598.1405558172138,282.20162982213094
57.1,20.00253622895825,85.00577256559673,603.1579999944912,284.7275345931132
57.2,20.002508092404483,85.00579038011091,605.0223146478803,281.61276079232425
57.3,20.002597692470083,85.00576539914414,602.4078297856018,291.53178510336147
57.400000000000006,20.002590594137597,85.00580497168124,606.5489397443786,290.7461118253325
57.5,20.002577129797256,85.005766122197,602.4835721604794,289.2554109804437
57.6,20.002541527376,85.00585447858128,611.729797390404,285.3143893599752
57.7,20.00259218354005,85.00586025889397,612.3344846647877,290.92226668688284
57.8,20.002564953176822,85.00582553825123,608.7012347278666,287.90762128992526
57.900000000000006,20.00264323713326,85.00585151791772,611.4195848017815,296.57408812402065
58.0,20.002634268274416,85.0057802996813,603.9669624884248,295.5809383350871
58.1,20.002623645532186,85.00582457785498,608.6005080957499,294.4051151246501
58.2,20.002564004372037,85.0058576518201,612.0617753715219,287.8027015150231
58.3,20.002611726371544,85.00584367702149,610.5991930682102,293.08568204393214
58.400000000000006,20.00266530341857,85.00590327351068,616.8354804323501,299.0171110050219
58.5,20.0026879678816,85.00594844084698,621.5619420419779,301.5263319656499
58.6,20.00269365747022,85.00586580698543,612.9146739698213,302.1558895352623
58.7,20.002629317768136,85.00588394119895,614.8125841188523,295.03327292904453
58.8,20.00268877449417,85.00592313681634,618.91399076165,301.61553377315386
58.900000000000006,20.002716411589176,85.00597103386804,623.9260836511007,304.67525731737845
59.0,20.00265271870804,85.0058982357586,616.3083522119982,297.6239106231275
59.1,20.00270553258979,85.00594891783118,621.6117872455926,303.4708228445189
59.2,20.002721431004765,85.00600251249628,627.2201539808403,305.2310458720239
59.3,20.00271422126776,85.00591143284282,617.6891255640451,304.4325583884811
59.400000000000006,20.00268065813767,85.00593060875437,619.6959257932863,300.71704565485425
59.5,20.00273001287751,85.00596376554452,623.1654342906032,306.1809516682913
59.6,20.002738158857404,85.00596957050404,623.7728638253174,307.08276845764266
59.7,20.0027511511875,85.00601641197781,628.6745512234709,308.5212506659117
59.8,20.002748092293544,85.00600866530581,627.8639107871458,308.182588829195
59.900000000000006,20.002759449364763,85.0059594782344,622.7166717452492,309.43968210179116
60.0,,,,
60.1,,,,
60.2,,,,
60.3,,,,
60.400000000000006,,,,
60.5,,,,
60.6,,,,
60.7,,,,
60.8,,,,
60.900000000000006,,,,
61.0,,,,
61.1,,,,
61.2,,,,
61.3,,,,
61.400000000000006,,,,
61.5,,,,
61.6,,,,
61.7,,,,
61.8,,,,
61.900000000000006,,,,
62.0,,,,
62.1,,,,
62.2,,,,
62.3,,,,
62.400000000000006,,,,
62.5,,,,
62.6,,,,
62.7,,,,
62.8,,,,
62.900000000000006,,,,
63.0,,,,
63.1,,,,
63.2,,,,
63.3,,,,
63.400000000000006,,,,
63.5,,,,
63.6,,,,
63.7,,,,
63.8,,,,
63.900000000000006,,,,
64.0,,,,
64.10000000000001,,,,
64.2,,,,
64.3,,,,
64.4,,,,
64.5,,,,
64.60000000000001,,,,
64.7,,,,
64.8,,,,
64.9,,,,
65.0,,,,
65.10000000000001,,,,
65.2,,,,
65.3,,,,
65.4,,,,
65.5,,,,
65.60000000000001,,,,
65.7,,,,
65.8,,,,
65.9,,,,
66.0,,,,
66.10000000000001,,,,
66.2,,,,
66.3,,,,
66.4,,,,
66.5,,,,
66.60000000000001,,,,
66.7,,,,
66.8,,,,
66.9,,,,
67.0,,,,
67.10000000000001,,,,
67.2,,,,
67.3,,,,
67.4,,,,
67.5,,,,
67.60000000000001,,,,
67.7,,,,
67.8,,,,
67.9,,,,
68.0,,,,
68.10000000000001,,,,
68.2,,,,
68.3,,,,
68.4,,,,
68.5,,,,
68.60000000000001,,,,
68.7,,,,
68.8,,,,
68.9,,,,
69.0,,,,
69.10000000000001,,,,
69.2,,,,
69.3,,,,
69.4,,,,
69.5,,,,
69.60000000000001,,,,
69.7,,,,
69.8,,,,
69.9,,,,
70.0,,,,
70.10000000000001,,,,
70.2,,,,
70.3,,,,
70.4,,,,
70.5,,,,
70.60000000000001,,,,
70.7,,,,
70.8,,,,
70.9,,,,
71.0,,,,
71.10000000000001,,,,
71.2,,,,
71.3,,,,
71.4,,,,
71.5,,,,
71.60000000000001,,,,
71.7,,,,
71.8,,,,
71.9,,,,
72.0,,,,
72.10000000000001,,,,
72.2,,,,
72.3,,,,
72.4,,,,
72.5,,,,
72.60000000000001,,,,
72.7,,,,
72.8,,,,
72.9,,,,
73.0,,,,
73.10000000000001,,,,
73.2,,,,
73.3,,,,
73.4,,,,
73.5,,,,
73.60000000000001,,,,
73.7,,,,
73.8,,,,
73.9,,,,
74.0,,,,
74.10000000000001,,,,
74.2,,,,
74.3,,,,
74.4,,,,
74.5,,,,
74.60000000000001,,,,
74.7,,,,
74.8,,,,
74.9,,,,
75.0,,,,
75.10000000000001,,,,
75.2,,,,
75.3,,,,
75.4,,,,
75.5,,,,
75.60000000000001,,,,
75.7,,,,
75.8,,,,
75.9,,,,
76.0,,,,
76.10000000000001,,,,
76.2,,,,
76.3,,,,
76.4,,,,
76.5,,,,
76.60000000000001,,,,
76.7,,,,
76.80000000000001,,,,
76.9,,,,
77.0,,,,
77.10000000000001,,,,
77.2,,,,
77.30000000000001,,,,
77.4,,,,
77.5,,,,
77.60000000000001,,,,
77.7,,,,
77.80000000000001,,,,
77.9,,,,
78.0,,,,
78.10000000000001,,,,
78.2,,,,
78.30000000000001,,,,
78.4,,,,
78.5,,,,
78.60000000000001,,,,
78.7,,,,
78.80000000000001,,,,
78.9,,,,
79.0,,,,
79.10000000000001,,,,
79.2,,,,
79.30000000000001,,,,
79.4,,,,
79.5,,,,
79.60000000000001,,,,
79.7,,,,
79.80000000000001,,,,
79.9,,,,
80.0,,,,
80.10000000000001,,,,
80.2,,,,
80.30000000000001,,,,
80.4,,,,
80.5,,,,
80.60000000000001,,,,
80.7,,,,
80.80000000000001,,,,
80.9,,,,
81.0,,,,
81.10000000000001,,,,
81.2,,,,
81.30000000000001,,,,
81.4,,,,
81.5,,,,
81.60000000000001,,,,
81.7,,,,
81.80000000000001,,,,
81.9,,,,
82.0,,,,
82.10000000000001,,,,
82.2,,,,
82.30000000000001,,,,
82.4,,,,
82.5,,,,
82.60000000000001,,,,
82.7,,,,
82.80000000000001,,,,
82.9,,,,
83.0,,,,
83.10000000000001,,,,
83.2,,,,
83.30000000000001,,,,
83.4,,,,
83.5,,,,
83.60000000000001,,,,
83.7,,,,
83.80000000000001,,,,
83.9,,,,
84.0,,,,
84.10000000000001,,,,
84.2,,,,
84.30000000000001,,,,
84.4,,,,
84.5,,,,
84.60000000000001,,,,
84.7,,,,
84.80000000000001,,,,
84.9,,,,
85.0,,,,
85.10000000000001,,,,
85.2,,,,
85.30000000000001,,,,
85.4,,,,
85.5,,,,
85.60000000000001,,,,
85.7,,,,
85.80000000000001,,,,
85.9,,,,
86.0,,,,
86.10000000000001,,,,
86.2,,,,
86.30000000000001,,,,
86.4,,,,
86.5,,,,
86.60000000000001,,,,
86.7,,,,
86.80000000000001,,,,
86.9,,,,
87.0,,,,
87.10000000000001,,,,
87.2,,,,
87.30000000000001,,,,
87.4,,,,
87.5,,,,
87.60000000000001,,,,
87.7,,,,
87.80000000000001,,,,
87.9,,,,
88.0,,,,
88.10000000000001,,,,
88.2,,,,
88.30000000000001,,,,
88.4,,,,
88.5,,,,
88.60000000000001,,,,
88.7,,,,
88.80000000000001,,,,
88.9,,,,
89.0,,,,
89.10000000000001,,,,
89.2,,,,
89.30000000000001,,,,
89.4,,,,
89.5,,,,
89.60000000000001,,,,
89.7,,,,
89.80000000000001,,,,
89.9,,,,
90.0,20.003984525981213,85.00950407794546,993.6345512198403,445.0780697449088
90.1,20.003934700542697,85.00950524795596,993.7572990541569,439.5621845090775
90.2,20.003965017711465,85.00950740336592,993.9826604949443,442.91843938620207
90.3,20.00400846106314,85.0095664254013,1000.1587154289264,447.72815819457253
90.4,20.003983582878544,85.00951219072518,994.483514538724,444.97371233154
90.5,20.00398083733529,85.00959819689191,1003.4836002531795,444.6702816961799
90.6,20.00403596428383,85.00954163204352,997.5640551788568,450.7727362078523
90.7,20.003973619012324,85.0095203727623,995.3397819793805,443.8707177141132
90.8,20.003984022113794,85.00956781076279,1000.3038402006042,445.02266875185643
90.9,20.00401497519619,85.00954365781583,997.7761732132291,448.44916520772045
91.0,20.004023604698123,85.0095615893023,999.6525489583975,449.4045954203377
91.1,20.004030318724425,85.00960306735027,1003.9929529487379,450.14811532703027
91.2,20.00404541633822,85.00961605181811,1005.3516092245625,451.8195645560287
91.3,20.00403018211937,85.00959061733627,1002.6901292887048,450.13291798267477
91.4,20.00404204482509,85.00964502470204,1008.3834811179019,451.4464975732288
91.5,20.00402594916433,85.00965805323524,1009.7469469988371,449.66471657360285
91.6,20.00403875438188,85.00967410243672,1011.4263246668271,451.0824065393344
91.7,20.00404414257822,85.00965605087418,1009.5372950740189,451.6787943593296
91.8,20.00405126948144,85.00968783026434,1012.8627851241232,452.46796530892885
91.9,20.004070566748062,85.00960255352757,1003.9389290670549,454.60374309830434
92.0,20.004069027086285,85.00965504455641,1009.4318308911638,454.4336113123819
92.1,20.004059619285464,85.00964687076551,1008.576549398535,453.39207770477003
92.2,20.004041023968306,85.00968263454918,1012.3191480897211,451.33371114292896
92.3,20.00406909320448,85.00967021315397,1011.0191392127983,454.4410223624095
92.4,20.00407099047858,85.00968913101248,1012.998774969626,454.651173128928
92.5,20.004081461522176,85.00975507902864,1019.8997978182366,455.81076326138776
92.6,20.004140261459,85.00970334739812,1014.4859962083316,462.31985730655003
92.7,20.00407125217439,85.00972710909743,1016.9729670378448,454.6803741081976
92.8,20.004101345963686,85.00971552204552,1015.7602539321135,458.01181686846735
92.9,20.00412338292818,85.00973121212655,1017.4019910601114,460.4514996913964
93.0,20.00410187542104,85.00973598879877,1017.9019811412511,458.0705543324099
93.1,20.004166904739428,85.0097553693691,1019.9296299143448,465.26969999168455
93.2,20.004098398820453,85.00978254965602,1022.7743354207691,457.6859631713247
93.3,20.00412202357822,85.0098029178219,1024.9055965340685,460.30145087207967
93.4,20.00409648026173,85.00977102095041,1021.567933575993,457.4735000454871
93.5,20.004113266008257,85.0097854472211,1023.0774532488902,459.3318430738672
93.6,20.004134191946683,85.00974186360708,1018.5165389010377,461.6481696780801
93.7,20.00415504537919,85.00977861250742,1022.3619691811639,463.9569590296204
93.8,20.004145601451345,85.00981429892107,1026.096411592845,462.91169343062387
93.9,20.00417570685167,85.00981830562564,1026.5154953901138,466.244516461803
94.0,20.004143994773067,85.00980561830345,1025.188044440161,462.7337740217715
94.1,20.004142388322084,85.00983099273299,1027.8433454891012,462.5560884211963
94.2,20.004229002721697,85.00982561436868,1027.2799680872106,472.1446454284446
94.3,20.00417155303037,85.00985187893629,1030.028778893497,465.78487650580854
94.4,20.00414634022982,85.00983161962719,1027.9089207674926,462.9935856064807
94.5,20.004151825400992,85.0098189380597,1026.5818308672444,463.60074009346886
94.6,20.004149940311688,85.00984454322789,1029.2612791070653,463.39220965065977
94.7,20.00420539859332,85.00975659412936,1020.0575461338314,469.5311441631943
94.8,20.0041751562907,85.00985730915882,1030.5969974339903,466.1838064635864
94.9,20.004193230038386,85.00974734381586,1019.0896318113881,468.18397600740707
95.0,20.004192912169906,85.0098081604078,1025.453744468416,468.1491577342632
95.1,20.00421916776048,85.00987611939011,1032.5650944013344,471.0561830519513
95.2,20.00418147107127,85.00988240006262,1033.2225769636705,466.8830346494572
95.3,20.004180145931365,85.00984087780226,1028.8775167623576,466.73608033485283
95.4,20.004220024711376,85.0098592728904,1030.8021986894198,471.1509474807034
95.5,20.0042350305743,85.0099244530009,1037.6228272027581,472.8125640721094
95.6,20.004232659414612,85.00987669121902,1032.624845042781,472.54977125896767
95.7,20.004206754885477,85.00996029819758,1041.3740082374584,469.6825450120461
95.8,20.004251707868125,85.00990129604162,1035.19947466316,474.6586696255709
95.9,20.004218294456308,85.00991840941771,1036.9905103612282,470.9597657311385
96.0,20.004229188204324,85.00995841420317,1041.176711427939,472.1659990808666
96.1,20.00422271874939,85.009921119978,1037.2741260546711,471.4495709637249
96.2,20.004288150736905,85.00989391799955,1034.4271666956872,478.693007844295
96.3,20.00427509699626,85.00992480459819,1037.659357261737,477.248093109723
96.4,20.0042792871607,85.00993220436234,1038.4336726318409,477.7120083620792
96.5,20.00430156666072,85.00989934900647,1034.995402654736,480.1782424103962
96.6,20.004348743092976,85.00993640462065,1038.8727498117953,485.4011077039306
96.7,20.004231887234464,85.00992770160671,1037.9627958507397,472.46460283303395
96.8,20.004263075646627,85.00998073585598,1043.5123216195773,475.91762496123886
96.9,20.004271412525465,85.00996045382745,1041.3898687402555,476.84042742525827
97.0,20.0042701523805,85.00995658354056,1040.9848737065092,476.7008998502108
97.1,20.00426912506274,85.00996688087109,1042.0624370425926,476.5872353394601
97.2,20.004295194737857,85.00998155874663,1043.598220705101,479.47335294255373
97.3,20.004275609865555,85.009998086779,1045.3279135188156,477.3053255986754
97.4,20.004322574379948,85.0099569693621,1041.024903039908,482.50424520453356
97.5,20.00432010934425,85.00996101915,1041.4487061877976,482.2313802221445
97.6,20.00433687326543,85.01002783264173,1048.4402416457576,484.087635882411
97.7,20.00434280953429,85.00998959895144,1044.4392677893773,484.7445677767853
97.8,20.00435061716481,85.00996607800023,1041.9778849083311,485.60875989948033
97.9,20.004329566531016,85.010024743759,1048.117056292011,483.2787293224175
98.0,20.004402079958847,85.01003062774167,1048.7323007855434,491.3063175292186
98.1,20.00435654399218,85.00997878392397,1043.307447214761,486.26496451407576
98.2,20.004305366363077,85.01003463309529,1049.1520785806024,480.5997275556387
98.3,20.004333901992293,85.01005454234442,1051.2352773771308,483.7588704411391
98.4,20.004319388824417,85.01004960707985,1050.7189267683816,482.15216877007003
98.5,20.004372163068336,85.01006244932617,1052.062443092771,487.9945873575651
98.6,20.00437383695777,85.01000953994402,1046.5257722391764,488.17956276028076
98.7,20.00436994111921,85.01006483119569,1052.3117066839293,487.74862290056774
98.8,20.00444222502308,85.01005222114041,1050.9916577386014,495.750685850776
98.9,20.004408313998663,85.01005265745331,1051.0375404444233,491.99659088727674
99.0,20.0044185950474,85.01009711652415,1055.689854581973,493.1350272128783
99.1,20.00437946283913,85.01012026568176,1058.1125403940396,488.80306785257534
99.2,20.00438317527092,85.0101350414144,1059.6587101470413,489.2141435777673
99.3,20.004416659178403,85.01012707661589,1058.8250163387092,492.9209072030248
99.4,20.0044259134743,85.01009206216392,1055.1608964990342,493.9451770135879
99.5,20.004376825753283,85.01011121820812,1057.1657924331967,488.51107387206764
99.6,20.004427611544084,85.01012904261566,1059.0306734905125,494.1333940851516
99.7,20.004438484888613,85.0101165311596,1057.7213500400194,495.3370415043598
99.8,20.004437958527127,85.01012286921839,1058.384594352332,495.2788110347428
99.9,20.00442750295316,85.0101488660552,1061.1050813980626,494.12149804827334
100.0,20.004440565219863,85.01012972469584,1059.1019625469346,495.5674265740148
100.1,20.00445603616858,85.01011675452928,1057.7446071166805,497.2800458484401
100.2,20.004468961244317,85.01013209049253,1059.3493393417673,498.711004793296
100.3,20.004488539463384,85.01016852771156,1063.162149057517,500.8786295461581
100.4,20.00450711011624,85.01015686796654,1061.9419007462038,502.93440753777764
100.5,20.004475804638748,85.01017303741044,1063.634148078067,499.4688577627903
100.6,20.004477214167174,85.01018906037727,1065.3108479874747,499.62500050357755
100.7,20.004507086941235,85.01016571996446,1062.8682103231,502.93189810656895
100.8,20.00451755446252,85.01020484946005,1066.9628109248554,504.0909469507599
100.9,20.004495206740085,85.01020078054464,1066.537173470579,501.61693107088183
101.0,20.004534040560625,85.0101613204464,1062.4076458192255,505.91575297313597
101.1,20.004544987415574,85.01024497811306,1071.1618521297453,507.12815015458796
101.2,20.004559263818276,85.01019619574275,1066.0569696237044,508.7082987660041
101.3,20.004578261739955,85.01017009335935,1063.3253823202883,510.8112853433221
101.4,20.00451288964004,85.0101946521073,1065.8957495235454,503.5744659143456
101.5,20.004542535379024,85.01020246205796,1066.7128150758272,506.8564277445197
101.6,20.00454840703696,85.01024041993367,1070.6848425044611,507.5066879597731
101.7,20.004551423860647,85.010238304854,1070.4634915403303,507.8406499326077
101.8,20.004542555886804,85.01024378802194,1071.0373325827302,506.8589617437844
101.9,20.00452602787616,85.01027856278027,1074.676417502444,505.02946187531717
102.0,20.00457459496284,85.01027793120913,1074.609997675662,510.40604535368635
102.1,20.004557450416254,85.01028469104331,1075.3174906294328,508.5081129260294
102.2,20.004586561082743,85.01029487165904,1076.3826338310203,511.730855592559
102.3,20.00456895846587,85.01030832556961,1077.790625413243,509.78225592029753
102.4,20.00456686459516,85.01023778309684,1070.408788352844,509.5500030041208
102.5,20.00460898549197,85.01029540978544,1076.438793099753,514.2133386046005
102.6,20.00461293996158,85.01025100062827,1071.7916127067995,514.650830813057
102.7,20.004630716061666,85.01032226577509,1079.2489642303626,516.6191799182426
102.8,20.004680275710182,85.01032884113458,1079.9366982766976,522.1056908000429
102.9,20.004635135338376,85.01036673734015,1083.9026175750664,517.1087002015922
103.0,20.00464706170465,85.01037862579277,1085.1465913410636,518.4290777558331
103.1,20.00461130773751,85.0103582272777,1083.0122533954986,514.4708261846672
103.2,20.004612056311437,85.01034594014759,1081.7264733609666,514.553617177831
103.3,20.00469581624543,85.01038211267787,1085.5111387317945,523.8264399355454
103.4,20.004634726043275,85.01036099677611,1083.3019046618967,517.0633523201292
103.5,20.004637963951645,85.01038406365016,1085.715692958094,517.4219521914202
103.6,20.00467155853553,85.01042037922473,1089.5156695249166,521.1412544401362
103.7,20.004676725481527,85.0103841224772,1085.7215830516,521.7130224106185
103.8,20.00466140625077,85.01043127202033,1090.6556051497776,520.0174232740969
103.9,20.004684108749803,85.01043566591112,1091.1152430278255,522.5307172145402
104.0,20.00473208366401,85.01039695419456,1087.0639651365457,527.8414970827146
104.1,20.004683880818888,85.01046038992992,1093.7024645890972,522.5056455085853
104.2,20.004674714983285,85.01046064151741,1093.7288550258027,521.490949307222
104.3,20.00474436859293,85.01045170293078,1092.793004838695,529.2018483566357
104.4,20.00473894459438,85.01043511441256,1091.0571541348645,528.6012800014888
104.5,20.004715682736983,85.01044055821664,1091.6269757055923,526.0261267253126
104.6,20.004696509216544,85.01045802732789,1093.4551452672972,523.903648600146
104.7,20.004725835110047,85.01049728120314,1097.5626237998636,527.1504092177395
104.8,20.00475119236788,85.01046261292748,1093.9346228477154,529.9573411232826
104.9,20.004790852475608,85.01051089241494,1098.9865036399367,534.3482035123083
105.0,20.004738279318914,85.01047108535838,1094.8213007416518,528.5278658136923
105.1,20.004770715476557,85.01050922544721,1098.8122053566315,532.1189392239656
105.2,20.004797966218856,85.01052663090442,1100.6333914212332,535.135829156371
105.3,20.004722372733923,85.01060204733042,1108.5257907749462,526.7677990109496
105.4,20.00482117608084,85.01050088972623,1097.9395727999895,537.7050928778731
105.5,20.004768210927427,85.0105911019232,1107.3800993589377,531.8422139258453
105.6,20.004815774784984,85.01056170990604,1104.3040712786692,537.1075457397575
105.7,20.004820212593863,85.01057776200575,1105.9837946512423,537.5989363857132
105.8,20.00484951463266,85.01057795281393,1106.0035568714293,540.8428007688507
105.9,20.004841835358626,85.01059593341348,1107.885170326801,539.9927905569378
106.0,20.00476960344167,85.01058742389596,1106.9952063778796,531.9963469958954
106.1,20.004819179621776,85.01064221671783,1112.728594385584,537.4850087456781
106.2,20.004850687200204,85.01059614177892,1107.906912555462,540.9727292944949
106.3,20.004848314388067,85.01065045367736,1113.590337045354,540.7104088132116
106.4,20.0048730173956,85.0106082843273,1109.1773994977489,543.4448593986433
106.5,20.00488796494089,85.0106338503827,1111.8526253917605,545.0997871666165
106.6,20.004889602364106,85.01061368192524,1109.742108762214,545.2809232961084
106.7,20.00487390875368,85.01066635275626,1115.2538980940353,543.5439221741238
106.8,20.00483636792384,85.01070365792422,1119.1579204176335,539.3882378521312
106.9,20.00488025562501,85.0106689359021,1115.5241637407064,544.2465656354967
107.0,20.004910117635657,85.0106744799818,1116.1041071356449,547.5524570311296
107.1,20.004875835998583,85.01065716271779,1114.292203384877,543.7572154078177
107.2,20.004928520715023,85.01069158505234,1117.8939174787606,549.5898720290681
107.3,20.00494223221125,85.01066154242316,1114.7500451909302,551.1075940951295
107.4,20.00492737099535,85.01069013153108,1117.741823564128,549.4625833603909
107.5,20.00484754170084,85.01073193363634,1122.1167217278046,540.6254127246785
107.6,20.004901777742,85.01077240253377,1126.3511584318753,546.6298499767356
107.7,20.00499312100442,85.01082431142147,1131.7824511477004,556.7422963734001
107.8,20.00493358251902,85.01073612078038,1122.5542706938706,550.1505335855912
107.9,20.004900815972533,85.01080332924118,1129.5874549171338,546.5235861673136
108.0,20.004993506392225,85.01077840437824,1126.9785615877033,556.7846509633671
108.1,20.004966459611,85.01077634794706,1126.763561328009,553.7904407785679
108.2,20.00500171224628,85.01080238749887,1129.488187588973,557.6932362457233
108.3,20.00498518558191,85.0108010756891,1129.3510327422568,555.8636537506463
108.4,20.00499581809095,85.01081180787926,1130.474013893404,557.0407911546408
108.5,20.004998932490867,85.01080629581058,1129.8971879395858,557.3855315853089
108.6,20.005013586306,85.01078729708226,1127.908984755669,559.0076446388665
108.7,20.00506175441937,85.01079253334615,1128.4565838461147,564.3400996516804
108.8,20.005032085583814,85.0108649693322,1136.0367692817956,561.0561200721796
108.9,20.004968815093623,85.01084775383873,1134.2357285737548,554.0516848637928
109.0,20.005028876042456,85.01084807117255,1134.2685053047587,560.7006953648867
109.1,20.00505298199205,85.0108749103961,1137.0768895132603,563.369510843707
109.2,20.005059958366203,85.0109069877202,1140.4335306395744,564.1420438885106
109.3,20.005021320483387,85.01089890969733,1139.5884942042899,559.8646071560353
109.4,20.005069426230936,85.0108844935909,1138.0795927170414,565.1900247286147
109.5,20.00506819017879,85.01094807406216,1144.732899688071,565.0536216167891
109.6,20.00511761309764,85.01096781702277,1146.7985188728103,570.5250888673928
109.7,20.005033109391743,85.01094635986132,1144.5537729116675,561.1700141222065
109.8,20.0050446214851,85.01096977655787,1147.0041006804115,562.4446131242755
109.9,20.005054956165903,85.01098717582488,1148.8247502750512,563.5888264952268
110.0,20.005054839387963,85.01099370196205,1149.5076705581625,563.5759434405006
110.1,20.005048842435222,85.01098866822377,1148.980964852999,562.9120201408101
110.2,20.00500308370598,85.01099801262885,1149.959130792391,557.8463938306295
110.3,20.005070458752428,85.0110055847637,1150.7510179015433,565.3051566452136
110.4,20.005096692187305,85.01096907337252,1146.9301395184607,568.2090616420543
110.5,20.00507793590632,85.01103053736985,1153.3620973402926,566.133081735135
110.6,20.00514779856874,85.01098149126643,1148.22922345985,573.8668455758338
110.7,20.00510033612575,85.01100755676747,1150.9571585449773,568.6127254453979
110.8,20.00513902229473,85.01107773861636,1158.30096493476,572.8959364905769
110.9,20.005115446695044,85.0110744980691,1157.9620345417663,570.2859925877337
111.0,20.00513476046755,85.01110314639031,1160.9597594000188,572.4243095650418
111.1,20.005124016477307,85.01106282691268,1156.74065887592,571.2346241447511
111.2,20.00515729339959,85.0110477438865,1155.1620724195334,574.9184201982041
111.3,20.005125738198352,85.01108410753915,1158.9675297574374,571.425373254571
111.4,20.005141335619573,85.01110418656029,1161.0685584085236,573.1522147224038
111.5,20.005141480878024,85.01111382734243,1162.0774043426647,573.1683623185999
111.6,20.005127389271426,85.01115442136185,1166.3254160601446,571.6086422672952
111.7,20.005149528502837,85.01112193956965,1162.9262386080977,574.0593257134632
111.8,20.00520219119756,85.01115283428703,1166.1587877192321,579.8895300493057
111.9,20.00513795446562,85.01112486959175,1163.2329319474907,572.7780497595709
112.0,20.00515971581393,85.01117666793404,1168.6531410142868,575.187486282532
112.1,20.00518538176073,85.01117442022966,1168.417743555206,578.0288026383695
112.2,20.00518519221627,85.01116345218014,1167.270008117029,578.0077427743125
112.3,20.005157660542157,85.01118886514239,1169.9295169218708,574.960043893393
112.4,20.005095900043965,85.01120106647794,1171.206766416265,568.1229731971317
112.5,20.005176747393406,85.01120936830745,1172.0749022121856,577.0731847437484
112.6,20.00510560641404,85.01127873181368,1179.333883626419,569.1980555228755
112.7,20.00520753874944,85.01123597140628,1174.8585194804232,580.4821082663995
112.8,20.00517490519504,85.01124271120582,1175.5640389715634,576.8694790169214
112.9,20.005199601982085,85.01120051223,1171.1480007535274,579.6032252590668
113.0,20.00515058515477,85.01124602728316,1175.911226091871,574.1771679711337
113.1,20.005135206496423,85.01127518294456,1178.962296372667,572.4748884928567
113.2,20.005186138218537,85.01127416167357,1178.8550475761067,578.1132446442994
113.3,20.005180189255576,85.01134460928064,1186.2269874926358,577.4551658803541
113.4,20.005169753010644,85.01131145359096,1182.7575326536398,576.2995936839212
113.5,20.005187110100497,85.01136438449204,1188.2962860963908,578.2214737034702
113.6,20.005261164897384,85.01134050114514,1185.7964906649622,586.4194928819427
113.7,20.0052107592157,85.01135114679106,1186.910867352969,580.8394398568298
113.8,20.00521817068532,85.01135892975655,1187.7252496103222,581.659976977575
113.9,20.00521418504533,85.01137303240735,1189.2010322221809,581.2188493356155
114.0,20.00523280561071,85.01143371443706,1195.5508800897237,583.2806589468128
114.1,20.005189248795894,85.0113294453138,1184.640106677504,578.4579891182377
114.2,20.00514037873192,85.01135016678327,1186.808843344752,573.0480069859731
114.3,20.005192002944003,85.01140364304533,1192.4044078685345,578.7634117594233
114.4,20.00522024575673,85.01143134118402,1195.3026291045983,581.8902114913542
114.5,20.00517347524729,85.0114624729102,1198.5607201950033,576.7127349398459
114.6,20.00519605836269,85.01146805950414,1199.1451508269356,579.2128241072285
114.7,20.00518333181563,85.01145533667815,1197.8138841354814,577.8038489163658
114.8,20.00524358281177,85.01150750114074,1203.2721065354265,584.474270363678
114.9,20.005224399771905,85.01151979597583,1204.5588285421336,582.3507126965635
115.0,20.00522283139092,85.01150756078121,1203.278505242721,582.1769981559831
115.1,20.00522306983187,85.01154197830319,1206.8800780099484,582.203642212764
115.2,20.005206337028834,85.01153433499671,1206.08038210874,580.3511930175652
115.3,20.005213667893884,85.01152261676461,1204.8540877974758,581.1626673635278
115.4,20.00517738926457,85.01157099481811,1209.9168206757456,577.1468138708951
115.5,20.005151376129536,85.01156647643215,1209.4441989262618,574.267013958182
115.6,20.005215301134697,85.01157572470132,1210.411483143141,581.3438571091308
115.7,20.005220933489305,85.01163037192816,1216.1299245748576,581.9677790988886
115.8,20.005245727057144,85.01153034451414,1205.6625035058285,584.7118119179381
115.9,20.00525641239248,85.01157254115547,1210.078031105171,585.895029338051
116.0,20.005257297190877,85.01159178305694,1212.091566406685,585.9931194926139
116.1,20.0051890054977,85.01162810001051,1215.8924280517153,578.4331949378978
116.2,20.005207318700208,85.01164397017129,1217.5529988759365,580.4606614556675
116.3,20.00523066322081,85.0116208611977,1215.134612487521,583.0448337170035
116.4,20.005286855071343,85.01164871815372,1218.0492331554708,589.265718560676
116.5,20.00525940986071,85.01166522941682,1219.7772424818268,586.2275343865313
116.6,20.005250587139173,85.01177340456098,1231.0971487004763,585.2516120741864
116.7,20.00521086521781,85.01176767557422,1230.4979555282603,580.8541803425663
116.8,20.005198408113145,85.01171733510469,1225.2302418475917,579.474755619183
116.9,20.005244362635057,85.0117319218132,1226.7562922005811,584.5622280277838
117.0,20.0051943300782,85.01172266147059,1225.7876437923612,579.0233383662699
117.1,20.00521845503118,85.01171423183584,1224.90534936994,581.6940140257682
117.2,20.00522267410649,85.01177900384668,1231.6832953529897,582.1615589880385
117.3,20.005269579993648,85.0117672041452,1230.4481671651379,587.3541582057312
117.4,20.005217975489888,85.01180691864069,1234.6044374905966,581.6416071738282
117.5,20.00516267835341,85.01177705483487,1231.479810332647,575.5197536100364
117.6,20.005242887643227,85.01181475385792,1235.4241487307659,584.3995487798989
117.7,20.005211331152804,85.01185459230462,1239.593235120805,580.906402217368
117.8,20.005232192662323,85.01187461913831,1241.6887523245673,583.2160104744304
117.9,20.005229579803395,85.01188993907014,1243.2919060931504,582.9268692507018
118.0,20.00522541156361,85.01185400827477,1239.5320098733785,582.4651606733022
118.1,20.00525495733139,85.01193036415988,1247.521934257472,585.7365726494377
118.2,20.005193218151756,85.01189693845852,1244.0246332090446,578.9015280774956
118.3,20.00522146501857,85.0119521329545,1249.8001639648824,582.0289900695194
118.4,20.00525470407913,85.01194783309201,1249.3499484289514,585.7086667179017
118.5,20.0052205938074,85.0119228783637,1246.7388640975196,581.932325194912
118.6,20.00519466320128,85.01196755481742,1251.4141756080674,579.0620273525693
118.7,20.00525691791042,85.01200142920621,1254.958421928673,585.9541481225459
118.8,20.005270054337785,85.01202291358383,1257.2065204879773,587.4085689357646
118.9,20.005239469106108,85.0120157287232,1256.4549135063885,584.022596707084
119.0,20.00518874108554,85.01207819295126,1262.9918013300958,578.4072537347756
119.1,20.005261524127118,85.01207770024699,1262.939662366476,586.4646496026386
119.2,20.005198691908483,85.01205603855146,1260.6734046849374,579.508686265334
119.3,20.00525268781154,85.01209955431518,1265.2266215434236,585.4865959140117
119.4,20.005221406510657,85.01214819092519,1270.3163832006876,582.0239878126189
119.5,20.00521504202987,85.01216369260285,1271.9385862348392,581.3195297145744
119.6,20.00523538636246,85.01208703076648,1263.9162502585077,583.5711556257374
119.7,20.00524337509289,85.0121105002186,1266.372114929118,584.4557201248933
119.8,20.005231997890466,85.01219452321004,1275.1646766131332,583.1968517067291
119.9,20.005266295162823,85.01213649118692,1269.0917202393466,586.9932683688772
